sample_id,no_of_analyses,area_of_analysis,laboratory,sample_date,Na2O,MgO,Al2O3,SiO2,P2O5,K2O,CaO,TiO2,MnO,Fe2O3,S,Ni,Zn,Rb,Sr,Y,Zr,Nb,Pb
,,,,,%,%,%,%,%,%,%,%,%,%,ppm,ppm,ppm,ppm,ppm,ppm,ppm,ppm,ppm
CA230126,3,cream,University of Cambridge,31/07/2023,,,14.96,63.95,,1.27,1.79,0.86,0.05,4.15,,,37,,485,7,185,15,
CA230126,3,black ,University of Cambridge,31/07/2023,,,15.07,65.6,,1.26,1.78,0.9,0.04,3.87,,,34,,468,8,168,11,56
CA230126,5,fabric,University of Cambridge,31/07/2023,,,17.8,62.37,,1.04,1.81,0.83,0.05,3.3,,,34,47,484,7,197,14,18
CA230126,3,red,University of Cambridge,31/07/2023,,,14.65,57.95,,0.82,1.16,0.97,0.04,5.4,,,39,,430,9,170,11,15
CA230127,3,red,University of Cambridge,31/07/2023,,,17.87,59.63,,0.65,1.14,0.85,0.04,5.71,,,41,,538,7,172,14,
CA230127,5,fabric,University of Cambridge,31/07/2023,,,17.49,59.15,,0.99,1.72,0.74,0.07,4.24,,,42,56,531,8,178,12,17
CA230128,3,red,University of Cambridge,31/07/2023,,,13.52,57.64,,0.65,1.41,1.28,0.04,6.56,,,34,,472,8,132,8,
CA230128,5,fabric,University of Cambridge,31/07/2023,,,18.12,62.81,,1.11,1.99,0.65,0.04,2.59,,17,43,57,474,7,114,8,
CA230129,3,red,University of Cambridge,31/07/2023,,,15.3,55.1,,0.76,1.23,1.25,0.04,7.84,,,31,,502,8,174,17,
CA230129,5,fabric,University of Cambridge,31/07/2023,,,19.29,62.47,,1.2,1.84,0.88,0.04,4.3,,,41,58,545,8,196,14,18
CA230130,3,black ,University of Cambridge,31/07/2023,,,14.13,58.16,,0.79,1.58,0.95,0.05,5.5,,,32,,535,8,225,17,
CA230130,3,red,University of Cambridge,31/07/2023,,1.72,14.19,56.79,,0.74,1.5,1.13,0.04,5.58,,,40,,523,9,214,17,
CA230130,5,fabric,University of Cambridge,31/07/2023,,1.68,18.26,59.3,,1.07,1.84,0.89,0.05,3.12,,,42,54,550,8,200,14,18
CA230131,5,fabric,University of Cambridge,31/07/2023,,,17.39,61.87,,1.04,1.74,0.78,0.04,3.18,,,32,48,475,8,184,16,
CA230131,3,red,University of Cambridge,31/07/2023,,1.71,15.15,63.42,,1.02,1.55,1.08,0.05,4.98,,,33,,471,11,189,15,
CA230131,3,black ,University of Cambridge,31/07/2023,,,12.83,63.11,,1.16,1.61,0.85,0.04,5.66,,,38,,473,9,187,14,
CA230131,3,cream,University of Cambridge,31/07/2023,,,12.48,61.14,,1.1,1.58,0.78,0.04,4.73,,,49,,481,11,186,16,15
CA230132,5,fabric,University of Cambridge,31/07/2023,,1.67,18.32,61.03,,1.21,1.73,0.73,0.04,2.45,,,35,50,457,6,186,18,19
CA230132,3,red,University of Cambridge,31/07/2023,,,14.56,54.16,,0.82,1.42,1.18,0.03,4.7,,,34,,447,8,170,17,16
CA230133,1,black ,University of Cambridge,31/07/2023,,,14.3,68.45,,1.08,2.01,0.85,0.04,3.01,,,47,,465,6,188,13,
CA230133,5,fabric,University of Cambridge,31/07/2023,,,19.37,59.17,,1.01,1.81,0.81,0.04,2.79,,19,56,58,456,7,188,15,16
CA230133,3,red,University of Cambridge,31/07/2023,,,14.24,58.24,,0.75,1.54,1.18,0.03,4.83,,,43,,443,10,190,11,15
CA230134,3,red,University of Cambridge,31/07/2023,,,14.99,58.41,,0.76,1.43,1.39,0.03,4.79,,,34,,476,9,228,21,
CA230134,5,fabric,University of Cambridge,31/07/2023,,1.67,19.99,61.36,,1.04,1.82,1.09,0.04,2.74,,17,45,48,483,8,209,16,
CA230135,5,fabric,University of Cambridge,31/07/2023,,,19.81,65.18,,1.25,1.43,0.9,0.03,2.01,,,47,46,408,6,183,16,17
CA230135,3,red,University of Cambridge,31/07/2023,,,18.12,62.38,,1.29,1.33,1.08,0.04,2.57,,,41,,407,6,179,17,16
CA230136,3,black ,University of Cambridge,31/07/2023,,1.73,14.82,69.13,,1.29,2.38,0.98,0.04,3.42,,,34,,530,8,209,19,16
CA230136,5,fabric,University of Cambridge,31/07/2023,,,21.6,61.12,,1.04,1.84,0.76,0.04,3,,17,39,52,524,6,201,14,16
CA230136,3,cream,University of Cambridge,31/07/2023,,1.71,15.43,68.9,,1.26,2.37,0.89,0.04,3.33,,,37,,547,6,210,19,15
CA230137,3,black ,University of Cambridge,31/07/2023,,,14.71,63.39,,1.21,1.94,0.83,0.04,2.47,,17,29,,504,8,177,14,
CA230137,3,red,University of Cambridge,31/07/2023,,,16.08,65.54,,1.25,1.79,0.95,0.04,2.27,,,38,,492,8,171,12,23
CA230137,5,fabric,University of Cambridge,31/07/2023,,,18.91,66.18,,1.24,1.9,0.82,0.04,1.86,,,37,48,507,8,192,15,19
CA230138,5,fabric,University of Cambridge,31/07/2023,,,21.52,62.91,,1,2.07,0.8,0.03,1.77,,,45,46,537,9,155,,
CA230138,3,red,University of Cambridge,31/07/2023,,1.72,15.21,62.22,,0.9,1.98,1.15,0.03,3.52,,,37,,529,10,141,7,
CA230139,3,cream,University of Cambridge,01/08/2023,,1.73,13.45,69.42,,1.35,2.18,0.79,0.04,3.17,,,39,,581,9,200,16,
CA230139,3,black ,University of Cambridge,01/08/2023,,1.69,13.52,67.51,,1.38,2.06,0.82,0.04,3.39,,,32,,576,8,215,17,17
CA230139,3,red,University of Cambridge,01/08/2023,,1.74,14.75,68.09,,1.27,2.12,0.88,0.05,3.76,,17,39,,589,9,188,15,17
CA230139,5,fabric,University of Cambridge,31/07/2023,,,17.74,64.52,,1.28,2.04,0.79,0.04,2.86,,,44,56,571,9,182,13,16
CA230140,3,red,University of Cambridge,01/08/2023,,,14.25,60.46,,1.02,1.68,1.28,0.04,3.96,,29,42,,524,9,202,15,
CA230140,5,fabric,University of Cambridge,01/08/2023,,,20.88,56.32,,1.11,1.59,1.01,0.04,3.01,,41,69,56,546,9,202,21,19
CA230141,3,red,University of Cambridge,01/08/2023,,,17.21,59.59,,0.91,1.54,1.16,0.03,2.66,,,44,,444,8,130,10,
CA230141,3,black ,University of Cambridge,01/08/2023,,,17.73,61.1,,1,1.55,1.13,0.03,2.78,,,43,,450,7,162,9,
CA230141,5,fabric,University of Cambridge,01/08/2023,,1.68,19.29,60.26,,1.01,1.8,0.81,0.03,2.35,,,63,47,454,7,145,10,16
CA230141,3,cream,University of Cambridge,01/08/2023,,,17.18,64.88,,1.11,1.69,1,0.03,2.3,,,43,,466,8,144,9,15
CA230142,3,cream,University of Cambridge,01/08/2023,,,16.04,66.44,,1.11,2.05,0.61,0.03,2.18,,,30,,451,6,136,13,
CA230142,5,fabric,University of Cambridge,01/08/2023,,,18.02,63.48,,1.04,2.01,0.64,0.03,2.01,,,41,50,488,7,139,10,17
CA230142,3,black ,University of Cambridge,01/08/2023,,,13.6,68.45,,1.4,2.15,0.66,0.03,2.27,,,36,,517,6,135,7,15
CA230143,3,red,University of Cambridge,01/08/2023,,,13.16,59.23,,1.06,1.6,0.95,0.03,3.24,,,44,,458,8,174,16,20
CA230143,5,fabric,University of Cambridge,01/08/2023,,,17.07,56.78,,0.96,1.7,0.82,0.05,2.46,,,43,45,473,11,199,20,16
CA230143,3,black ,University of Cambridge,01/08/2023,,,14.4,64.31,,1.4,1.71,0.92,0.04,2.36,,,39,,481,7,179,21,15
CA230144,3,cream,University of Cambridge,01/08/2023,,,17.77,67.54,,1.51,1.77,0.78,0.04,2.48,,,38,,463,7,185,14,
CA230144,3,black ,University of Cambridge,01/08/2023,,,14.1,66.53,,1.37,2.01,0.92,0.05,2.48,,,34,,440,9,195,11,
CA230144,5,fabric,University of Cambridge,01/08/2023,,,16.34,67.16,,0.94,2.02,0.83,0.04,2.15,,,38,35,446,6,179,12,19
CA230145,3,black ,University of Cambridge,01/08/2023,,,13.86,71.26,,1.41,2.15,0.92,0.04,2.14,,,33,,457,8,193,12,18
CA230145,5,fabric,University of Cambridge,01/08/2023,,1.66,18.07,64.46,,0.93,2.03,0.8,0.04,2.03,,,43,36,457,7,171,12,18
CA230145,3,cream,University of Cambridge,01/08/2023,,,15.45,70.78,,1.35,2.13,1.03,0.04,2.12,,,42,,465,8,225,11,15
CA230146,3,black ,University of Cambridge,01/08/2023,,1.72,17.79,64.44,,1.48,1.78,0.8,0.04,2.46,,,44,,448,7,203,11,
CA230146,5,fabric,University of Cambridge,01/08/2023,,1.68,18.94,62.77,,0.9,1.94,0.86,0.04,2.47,,,44,38,452,8,187,11,
CA230146,3,cream,University of Cambridge,01/08/2023,,,15.59,70.56,,1.35,1.92,0.83,0.04,2.53,,,39,,457,9,174,10,
CA230146,3,red,University of Cambridge,01/08/2023,,,16.75,62.56,,1.07,1.66,1.02,0.03,3.45,,,41,,447,6,180,13,15
CA230147,5,fabric,University of Cambridge,01/08/2023,,,17.5,52.13,,0.99,1.71,0.93,0.05,4.71,,,66,61,442,13,198,17,17
CA230148,5,fabric,University of Cambridge,01/08/2023,,1.7,17.59,58.8,,2.14,1.89,0.68,0.08,4.88,,21,97,95,548,11,181,16,17
CA230149,5,fabric,University of Cambridge,01/08/2023,,1.71,21.28,58.27,,1.04,1.88,0.8,0.07,6.02,,19,89,57,390,13,215,14,16
CA230150,3,red,University of Cambridge,01/08/2023,,,14.43,63.04,,1.69,1.84,1.08,0.04,3.23,,,57,,496,10,153,17,
CA230150,5,fabric,University of Cambridge,01/08/2023,,,15.67,62.6,,1.6,2.05,0.81,0.04,2.16,,,55,57,493,9,152,14,22
CA230150,3,cream,University of Cambridge,01/08/2023,,,14.27,68.89,,1.91,1.99,0.82,0.04,1.98,,,52,,492,7,145,14,19
CA230151,5,fabric,University of Cambridge,01/08/2023,,1.67,18,56.45,,1.25,2.07,0.92,0.06,4.03,,,77,53,559,11,190,13,24
CA230151,3,red,University of Cambridge,01/08/2023,,,17.19,54.28,,1.16,2.04,1.51,0.05,5.54,,,74,,610,16,156,11,23
CA230152,3,red,University of Cambridge,01/08/2023,,,16.47,58.17,,0.91,1.39,1.24,0.03,6.19,,,79,,488,7,167,15,
CA230152,5,fabric,University of Cambridge,01/08/2023,,1.7,20.18,64.02,,1.22,2.03,0.8,0.04,2.67,,16,72,65,501,9,190,13,21
CA230153,5,fabric,University of Cambridge,01/08/2023,,,19.09,61.21,,1.27,1.87,0.85,0.04,3.59,,18,76,63,569,9,184,12,22
CA230154,5,fabric,University of Cambridge,01/08/2023,,,16.82,63.86,,1.29,2.18,0.71,0.04,2.9,,,61,73,565,10,182,15,16
CA230155,5,fabric,University of Cambridge,01/08/2023,,1.7,17.73,61.21,,1.21,2.05,0.86,0.04,3.47,,,46,67,446,12,177,13,16
CA230156,3,cream,University of Cambridge,02/08/2023,,,14.79,64.48,,1.1,1.9,0.76,0.04,2.96,,,33,,426,7,142,14,
CA230156,3,red,University of Cambridge,02/08/2023,,,16.13,61.26,,0.98,1.62,1.01,0.04,3.45,,,31,,434,8,153,9,
CA230156,3,black ,University of Cambridge,02/08/2023,,,15.88,62.42,,1.04,1.77,0.75,0.04,3.8,,,33,,403,8,168,8,
CA230156,5,fabric,University of Cambridge,02/08/2023,,,17.36,60.76,,1.08,1.79,0.87,0.04,3,,,54,39,430,8,159,14,15
CA230157,5,fabric,University of Cambridge,02/08/2023,,1.76,17.34,66.16,,1.21,2.23,0.85,0.07,4.24,,16,55,56,433,12,169,13,17
CA230158,5,fabric,University of Cambridge,02/08/2023,,1.73,17.43,61.14,,1.19,2.48,0.92,0.04,3.76,,16,59,52,540,13,177,18,
CA230159,5,fabric,University of Cambridge,02/08/2023,,1.83,19.7,58.31,,0.84,1.75,0.81,0.03,4.33,,,112,52,326,7,146,,16
CA230160,5,fabric,University of Cambridge,02/08/2023,,1.66,18.74,61.84,,1.11,2,0.71,0.03,3.17,,,47,63,583,10,152,11,18
CA230161,5,fabric,University of Cambridge,03/08/2023,,,20.64,61.29,,1.53,2.14,0.7,0.04,4.7,,22,49,71,585,13,167,13,16
CA230162,5,fabric,University of Cambridge,03/08/2023,,1.83,18.9,63.16,,1.08,2.06,0.72,0.04,2.81,,,79,66,438,8,134,11,17
CA230163,3,red,University of Cambridge,03/08/2023,,1.73,16.23,61.58,,1.88,2,0.76,0.05,3.7,,,44,,696,10,178,15,
CA230163,3,black ,University of Cambridge,03/08/2023,,1.77,7.75,38.98,,0.79,1.17,0.41,0.97,7.4,,22,52,,670,10,174,14,
CA230163,5,fabric,University of Cambridge,03/08/2023,,1.68,16.83,65.32,,1.41,2.27,0.73,0.06,3.06,,,43,48,681,7,165,14,
CA230163,3,cream,University of Cambridge,03/08/2023,,,11.85,61.64,,1.37,2,0.7,0.15,3.54,,,43,,730,11,166,17,19
CA230164,5,fabric,University of Cambridge,03/08/2023,,,16.11,65.18,,1.5,2.26,0.88,0.06,2.87,,,42,48,764,8,162,16,
CA230164,3,red,University of Cambridge,03/08/2023,,,13.85,64.08,,1.66,2.36,0.79,0.04,3.27,,,64,,753,10,203,16,22
CA230164,3,cream,University of Cambridge,03/08/2023,,,12.27,64.45,,1.54,2.38,0.71,0.06,2.85,,,44,,770,8,176,16,19
CA230164,3,black ,University of Cambridge,03/08/2023,,,10.42,52.68,,1.24,1.94,0.6,0.36,4.45,,15,50,,758,10,178,18,17
CA230165,3,red (ext),University of Cambridge,03/08/2023,,1.76,14.18,67.27,,1.72,2.17,1,0.04,4.06,,,62,,681,8,167,19,
CA230165,3,red,University of Cambridge,03/08/2023,,,19.39,43.07,,2.01,0.69,1.29,0.1,9.86,,127,77,,590,12,174,18,
CA230165,5,fabric,University of Cambridge,03/08/2023,,1.71,15.44,61.98,,2.08,1.96,0.67,0.05,3.41,,,66,65,701,9,206,19,18
CA230166,5,fabric,University of Cambridge,03/08/2023,,,16.77,66.77,,1.51,2.18,0.66,0.07,2.8,,,41,47,677,10,163,12,
CA230167,5,fabric,University of Cambridge,03/08/2023,,,18.21,58.8,,1.1,1.64,0.81,0.08,4.47,,,56,42,476,10,223,17,18
CA230168,3,red,University of Cambridge,03/08/2023,,,13.62,47.35,,0.52,1.42,1.34,0.07,8,,31,53,,651,12,207,19,
CA230168,5,fabric,University of Cambridge,03/08/2023,,,14.48,66.35,,2.07,2.6,0.68,0.09,3.6,,17,59,67,769,10,190,18,16
CA230169,3,red,University of Cambridge,03/08/2023,,1.7,14.44,52.86,,0.63,1.54,1.44,0.06,8.29,,56,47,,659,12,201,19,
CA230169,5,fabric,University of Cambridge,03/08/2023,,,17.46,69.64,,1.56,2.4,0.65,0.05,3.24,,,49,56,754,9,191,17,16
CA230170,3,red,University of Cambridge,03/08/2023,,,12.91,45.11,,0.65,1.22,1.43,0.07,9.42,,102,96,,452,10,197,18,
CA230170,5,fabric,University of Cambridge,03/08/2023,,,18.09,59.92,,1.14,1.95,0.69,0.06,3.26,,,56,45,557,8,199,14,19
CA230170,3,cream,University of Cambridge,03/08/2023,,1.7,14.78,65.48,,2.44,2.69,0.74,0.04,2.74,,,67,,661,7,179,21,15
CA230171,3,cream,University of Cambridge,03/08/2023,,,14.65,71.36,,1.74,2.05,0.71,0.04,2.86,,,35,,625,8,160,19,
CA230171,3,black ,University of Cambridge,03/08/2023,,,10.26,54.09,,1.37,1.72,0.61,0.34,4.28,,,49,,612,8,173,18,
CA230171,5,fabric,University of Cambridge,03/08/2023,,,17.44,62.54,,1.46,1.82,0.62,0.06,3.57,,,68,50,585,8,162,17,19
CA230172,3,black ,University of Cambridge,03/08/2023,,1.94,8.31,33.73,,0.57,1.04,0.33,1.44,8.77,,32,47,,666,10,155,13,
CA230172,5,fabric,University of Cambridge,03/08/2023,,,18.17,61.74,,1.36,1.8,0.68,0.07,3.49,,,52,48,674,9,150,17,17
CA230172,3,red (ext),University of Cambridge,03/08/2023,,,17.6,62.54,,1.3,2.16,0.77,0.07,3.51,,,48,,744,8,154,15,17
CA230172,3,cream,University of Cambridge,03/08/2023,,,15.96,75.59,,1.53,2.31,0.79,0.05,2.93,,,37,,753,6,165,16,16
CA230172,3,red,University of Cambridge,03/08/2023,,,10.68,51.18,,0.9,1.5,0.6,0.07,5.27,,,46,,687,8,160,16,16
CA230173,5,fabric,University of Cambridge,03/08/2023,,,19.26,61.23,,1.22,1.98,0.75,0.08,5.25,,,70,48,443,10,195,16,17
CA230174,5,fabric,University of Cambridge,03/08/2023,,1.78,16.88,54.22,,1.24,2.92,0.64,0.1,3.68,,17,93,47,547,11,203,17,19
CA230175,5,fabric,University of Cambridge,03/08/2023,,1.69,23.85,59.02,,1.27,1.71,0.9,0.05,3.21,,17,68,50,573,10,185,13,21
CA230176,3,cream,University of Cambridge,03/08/2023,,,17.4,62.86,,1.2,1.86,0.84,0.03,3.13,,,39,,376,12,170,12,
CA230176,3,red,University of Cambridge,03/08/2023,,,17.49,56.25,,1.05,1.72,1.2,0.03,4.07,,,43,,399,9,189,11,
CA230176,5,fabric,University of Cambridge,03/08/2023,,,21.8,57.41,,1.07,1.63,0.84,0.03,3.25,,,59,37,350,7,155,9,21
CA230176,3,black ,University of Cambridge,03/08/2023,,,17.25,64.41,,1.35,2.39,0.97,0.04,3.58,,,37,,396,10,208,16,16
CA230286,5,fabric,University of Cambridge,22/08/2023,,,19.73,55.68,,1.3,2.27,0.79,0.13,5.65,,17,87,54,717,12,209,17,22
CA230287,5,fabric,University of Cambridge,22/08/2023,,,17.49,56,,1.5,1.48,0.75,0.05,4.89,,,74,48,556,12,146,11,16
CA230288,5,fabric,University of Cambridge,18/05/2023,,,12.48,46.55,,1.29,1.59,0.63,0.05,3.26,,,42,49,715,10,184,16,17
CA230289,5,fabric,University of Cambridge,18/05/2023,,1.72,21.97,65.07,,1.28,1.6,0.89,0.16,5.99,,22,89,55,664,10,199,17,20
CA230290,5,fabric,University of Cambridge,22/08/2023,,,20.39,57.74,,1.39,1.65,0.7,0.04,3.17,,,59,47,671,8,164,16,20
CA230291,5,fabric,University of Cambridge,18/05/2023,,1.78,19.72,54.93,,0.85,1.31,1.12,0.37,7.67,,18,62,51,440,15,230,15,18
CA230292,5,fabric,University of Cambridge,18/05/2023,,,13.68,64.8,,1.54,2.49,0.94,0.04,2.71,,,35,46,494,10,218,20,17
CA230293,5,fabric,University of Cambridge,22/08/2023,,1.67,16.87,52.35,,1.27,1.86,0.62,0.08,8.19,,40,93,58,613,27,147,9,15
CA230294,5,fabric,University of Cambridge,22/08/2023,,,20.71,56.99,,1.16,1.77,0.8,0.06,5.85,,20,63,59,558,8,166,10,17
CA230295,5,fabric,University of Cambridge,22/08/2023,,,16.74,53.19,,1.74,2.26,0.84,0.07,4.59,,18,116,63,722,14,170,9,18
CA230296,5,fabric,University of Cambridge,22/08/2023,,,19.96,54.94,,1.24,1.13,0.78,0.03,4.19,,,40,36,375,7,190,14,25
CA230297,5,fabric,University of Cambridge,22/08/2023,,,19.92,48.95,,0.89,1.57,0.72,0.04,5.08,,,59,63,505,7,201,17,26
CA230298_1,5,fabric,University of Cambridge,22/08/2023,,1.72,16.32,45.76,,1.56,1.39,0.8,0.13,7.4,,39,122,112,192,38,178,17,29
CA230298_2,5,fabric,University of Cambridge,22/08/2023,,2.27,19.9,53.92,,2.38,1.12,0.91,0.16,7.47,,36,138,115,153,38,195,21,24
CA230299,5,fabric,University of Cambridge,22/08/2023,,,22.77,45.27,,1.43,1.09,0.67,0.1,4.82,,,55,63,446,10,295,15,16
CA230301,5,fabric,University of Cambridge,22/08/2023,,,18.5,54.78,,1.58,1.76,0.88,0.05,5.32,,40,99,60,580,16,192,10,16
CA230334,5,fabric,Museo del Oro,06/06/2023,,1.9,14.65,55.61,,1.3,2.47,0.92,0.06,6.45,,22,82,57,621,9,237,18,27
CA230334,3,black ,Museo del Oro,06/06/2023,,1.67,18.09,43.61,,1.14,1.16,1.08,0.21,6.94,,39,94,,568,13,206,13,25
CA230334,3,red,Museo del Oro,06/06/2023,,,18.92,44.36,,1.19,0.96,1.17,0.13,7.53,,33,83,,521,11,235,15,15
CA230335,3,red,Museo del Oro,06/06/2023,,,10.67,36.99,,0.74,0.91,0.49,0.05,8.43,,,35,,673,10,205,17,
CA230335,5,fabric,Museo del Oro,06/06/2023,,,15.9,56.81,,2,2.07,0.67,0.04,3.27,,25,61,46,773,10,238,20,17
CA230336,3,black ,Museo del Oro,06/06/2023,,1.73,12.17,59.47,,1.81,2.13,0.59,0.03,5.05,,17,48,,510,19,182,16,23
CA230336,5,fabric,Museo del Oro,06/06/2023,,1.77,15.76,53.38,,1.99,2.64,0.66,0.04,3.46,,25,70,51,586,27,217,17,22
CA230336,3,red,Museo del Oro,06/06/2023,,1.83,14.43,44.92,,1.52,1.71,0.95,0.04,6.62,,15,56,,472,15,197,15,15
CA230337,3,red,Museo del Oro,06/06/2023,,,20.92,47.41,,1.16,0.77,1.08,0.08,5.05,,19,42,,410,11,199,20,20
CA230337,3,cream,Museo del Oro,07/06/2023,,,16.87,62.76,,1.65,1,0.69,0.14,2.87,,16,35,,433,12,217,18,20
CA230337,3,black ,Museo del Oro,07/06/2023,,,19.64,56.02,,1.6,1.09,0.65,0.2,3.02,,18,43,,431,11,195,19,18
CA230337,5,fabric,Museo del Oro,07/06/2023,,,17.8,47.95,,1.09,1.12,0.59,0.19,4.43,,40,55,49,421,11,180,19,16
CA230338,3,black ,Museo del Oro,07/06/2023,,,14.47,58.78,,1.67,1.23,0.64,0.07,3.7,,,47,,462,12,156,14,18
CA230338,5,fabric,Museo del Oro,07/06/2023,,1.88,15.78,54.22,,3.35,1.8,0.69,0.07,4.87,,27,83,58,634,13,170,15,16
CA230338,3,cream,Museo del Oro,07/06/2023,,,13.28,62.71,,1.64,1.08,0.65,0.03,3.88,,15,44,,499,11,173,12,16
CA230338,3,red,Museo del Oro,07/06/2023,,1.82,17.61,40.43,,1.27,0.53,0.87,0.05,6.96,,22,65,,531,11,161,11,16
CA230339,5,fabric,Museo del Oro,07/06/2023,,1.67,17.59,52.27,,1.4,1.93,0.71,0.05,3.23,,24,108,54,649,10,217,19,51
CA230339,3,red,Museo del Oro,07/06/2023,,,18.31,44.53,,0.73,0.78,0.93,0.05,5.12,,24,105,,579,10,197,17,34
CA230339,3,black ,Museo del Oro,07/06/2023,,,20.15,49.71,,1.35,1.28,0.8,0.05,3.31,,22,44,,615,11,224,22,27
CA230339,3,cream,Museo del Oro,07/06/2023,,,17.39,52.99,,1.44,1.35,0.74,0.04,3.19,,19,54,,645,9,207,17,22
CA230340,5,fabric,Museo del Oro,07/06/2023,,1.81,13.99,54.54,,1.78,1.52,0.92,0.04,5.8,,35,78,73,563,9,230,20,24
CA230340,3,black ,Museo del Oro,07/06/2023,,,18.6,43.88,,1.64,1.35,0.75,0.04,5.05,,17,56,,456,10,178,15,24
CA230340,3,red,Museo del Oro,07/06/2023,,,20.12,48.46,,1.6,1.11,0.78,0.04,4.84,,,50,,462,9,190,17,20
CA230341,3,red,Museo del Oro,07/06/2023,,,12.85,52.21,,1.5,1.69,1.08,0.04,2.97,,,157,,748,23,210,22,164
CA230341,5,fabric,Museo del Oro,07/06/2023,,1.65,18.86,57.1,,2.41,2.11,0.75,0.04,2.85,,19,70,51,701,18,201,22,24
CA230341,3,red (ext),Museo del Oro,07/06/2023,,,14.34,61.72,,2.03,2.16,1.03,0.03,2.38,,,50,,730,22,197,17,22
CA230342,3,red (ext),Museo del Oro,07/06/2023,,,16.38,56.59,,1.51,1.45,0.78,0.04,3.84,,,32,,702,16,173,19,21
CA230342,5,fabric,Museo del Oro,07/06/2023,,1.74,11.79,44.87,,1.36,1.78,0.75,0.05,3.31,,,40,45,735,20,171,13,18
CA230342,3,red,Museo del Oro,07/06/2023,,,10.89,44.76,,1.06,1.16,0.65,0.05,5.31,,17,40,,744,20,168,18,16
CA230343,3,red,Museo del Oro,07/06/2023,,1.78,19.58,49.52,,1.64,1.34,0.78,0.09,4.22,,18,46,,656,9,200,20,22
CA230343,5,fabric,Museo del Oro,07/06/2023,,,13.61,56.94,,1.43,1.76,0.74,0.04,2.75,,18,36,48,662,10,203,19,15
CA230344,5,fabric,Museo del Oro,08/06/2023,,,17.28,55.02,,1.54,1.93,0.67,0.05,3.21,,,38,47,737,7,170,16,22
CA230344,3,cream,Museo del Oro,08/06/2023,,1.68,14.52,58.44,,1.68,2.18,0.59,0.03,2.95,,21,21,,725,6,173,20,18
CA230344,3,red,Museo del Oro,08/06/2023,,,11.03,45.75,,1.16,1.43,0.5,0.03,6.18,,,38,,676,7,164,15,18
CA230344,3,red (ext),Museo del Oro,08/06/2023,,,18.24,48.18,,1.54,2.06,0.66,0.05,3.78,,,35,,805,6,187,17,16
CA230345,5,fabric,Museo del Oro,08/06/2023,,,14.73,52.53,,2.09,1.74,0.58,0.03,2.87,,,34,54,684,8,164,16,22
CA230345,3,red (ext),Museo del Oro,08/06/2023,,1.74,15.49,53.93,,1.48,1.67,0.73,0.06,3.92,,,36,,711,7,149,18,19
CA230345,3,red,Museo del Oro,08/06/2023,,,17.46,42.09,,0.94,1.04,0.51,0.08,6.06,,,39,,685,8,150,14,16
CA230346,5,fabric,Museo del Oro,08/06/2023,,1.85,8.01,36.06,,0.84,29.09,0.85,0.15,2.19,,,1164,28,507,9,83,12,848
CA230346,3,red,Museo del Oro,08/06/2023,,1.95,18.25,52.66,,2.07,1.3,0.84,0.06,6.34,,,50,,607,15,174,15,21
CA230347,3,red (ext),Museo del Oro,08/06/2023,,1.99,16.59,52.94,,1.52,2.41,0.8,0.06,5.2,,24,59,,560,10,229,19,24
CA230347,3,cream,Museo del Oro,08/06/2023,,1.69,14.92,60.73,,1.34,2.14,0.71,0.05,4.6,,18,58,,586,11,246,17,23
CA230347,5,fabric,Museo del Oro,08/06/2023,,1.93,15.31,55.46,,1.49,2.79,0.67,0.06,4.36,,20,61,46,599,10,218,12,23
CA230347,3,black ,Museo del Oro,08/06/2023,,1.69,16.08,55.42,,1.19,2.09,0.75,0.17,4.15,,24,67,,559,13,215,12,21
CA230348,3,red,Museo del Oro,08/06/2023,,,19.25,42.51,,1.57,1.35,0.96,0.03,5.71,,18,63,,598,14,248,13,19
CA230348,3,black ,Museo del Oro,08/06/2023,,1.73,17.31,36.84,,1.52,1.21,0.85,0.04,6.25,,,53,,599,13,258,12,19
CA230348,5,fabric,Museo del Oro,08/06/2023,,1.83,15.12,52.86,,1.57,1.64,0.78,0.04,4.6,,17,48,48,684,12,223,14,17
CA230349,3,black ,Museo del Oro,09/06/2023,,,20.5,40.77,,0.92,1,1.07,0.19,6.11,,27,84,,474,12,233,11,26
CA230349,5,fabric,Museo del Oro,09/06/2023,,1.8,18.77,45.87,,1.03,1.46,0.71,0.43,5.24,,45,121,54,505,10,157,12,23
CA230349,3,red,Museo del Oro,09/06/2023,,1.76,20.33,41.42,,1,0.93,1.07,0.14,6.31,,19,59,,474,13,215,12,19
CA230350,5,fabric,Museo del Oro,09/06/2023,,1.96,17.02,51.54,,1.66,2.29,0.77,0.08,5.34,,20,73,53,575,18,237,18,23
CA230350,3,black ,Museo del Oro,09/06/2023,,1.67,21.06,43.54,,1.35,1.21,1.48,0.07,9.38,,26,91,,551,17,259,21,17
CA230350,3,red,Museo del Oro,09/06/2023,,1.79,22.13,45.68,,1.33,1.45,1.35,0.08,8.39,,29,87,,579,15,246,17,17
CA230351,3,black ,Museo del Oro,09/06/2023,,,15.78,42.15,,1.4,1.66,0.87,0.03,5.14,,19,40,,446,9,223,23,25
CA230351,5,fabric,Museo del Oro,09/06/2023,,,11.24,71.29,,0.98,2.04,1.21,0.03,2.33,,17,20,35,432,9,261,26,23
CA230352,5,fabric,Museo del Oro,09/06/2023,,,15.43,57.42,,1.03,2.04,0.9,0.04,3.34,,,36,41,502,9,178,14,19
CA230352,3,black ,Museo del Oro,09/06/2023,,,20.59,49.2,,1.05,1.14,0.88,0.04,3.3,,21,60,,425,10,149,11,19
CA230352,3,red,Museo del Oro,09/06/2023,,1.83,17.09,47.38,,1.17,1.8,0.86,0.05,3.93,,29,65,,483,14,147,17,18
CA230352,3,cream,Museo del Oro,09/06/2023,,,19.16,52.27,,1.09,1.18,0.85,0.04,3.46,,24,50,,434,9,166,14,18
CA230353,5,fabric,Museo del Oro,09/06/2023,,1.78,13.22,53.7,,1.4,1.97,0.63,0.04,2.87,,26,90,43,702,10,195,16,19
CA230353,3,red,Museo del Oro,09/06/2023,,1.81,15.3,52.72,,1.46,1.58,0.75,0.04,4.49,,,46,,686,11,174,18,16
CA230353,3,black ,Museo del Oro,09/06/2023,,,11.99,37.34,,0.7,0.79,0.52,0.28,7.64,,16,53,,690,10,179,17,15
CA230354,3,cream,Museo del Oro,09/06/2023,,,15.35,53.12,,1.26,2.03,0.72,0.13,3.48,,30,52,,722,6,164,18,20
CA230354,5,fabric,Museo del Oro,09/06/2023,,,14.76,62.49,,1.73,2.19,0.69,0.05,2.94,,16,45,54,755,7,186,18,19
CA230354,3,red,Museo del Oro,09/06/2023,,1.78,17.86,55.41,,1.62,1.85,0.88,0.08,3.49,,,35,,776,7,189,15,19
CA230354,3,black ,Museo del Oro,09/06/2023,,,9.81,37.35,,1,1.53,0.47,0.15,6.28,,,42,,739,7,170,17,16
CA230355,3,black ,"Union del Sur Offices, El Porvenir, Iles",13/06/2023,,,21.28,49.28,,1.18,1.47,0.82,0.09,6.29,,25,52,,502,9,203,13,19
CA230355,5,fabric,"Union del Sur Offices, El Porvenir, Iles",13/06/2023,,1.78,17.75,49.51,,1.06,1.88,0.79,0.67,5.8,,64,131,40,498,10,187,15,18
CA230355,3,red,"Union del Sur Offices, El Porvenir, Iles",13/06/2023,,1.7,21.38,51.02,,1.14,1.4,0.94,0.09,6.46,,32,54,,505,7,173,15,15
CA230356,5,fabric,"Union del Sur Offices, El Porvenir, Iles",13/06/2023,,,20.77,50.39,,1.21,1.33,0.84,0.08,3.34,,,43,42,432,11,172,13,19
CA230356,3,black ,"Union del Sur Offices, El Porvenir, Iles",13/06/2023,,,16.61,56.6,,1.32,1.6,0.74,0.07,3.11,,,38,,430,11,163,13,18
CA230356,3,red,"Union del Sur Offices, El Porvenir, Iles",13/06/2023,,,15.37,47.19,,1.03,1.18,0.97,0.05,4.81,,,36,,450,7,181,12,16
CA230357,3,red,"Union del Sur Offices, El Porvenir, Iles",13/06/2023,,1.69,14.21,46.84,,1.02,1.18,1.08,0.05,6.32,,,42,,463,12,163,12,
CA230357,3,black ,"Union del Sur Offices, El Porvenir, Iles",13/06/2023,,,16.28,59.3,,1.46,1.95,0.82,0.06,2.76,,,49,,483,14,147,11,
CA230357,5,fabric,"Union del Sur Offices, El Porvenir, Iles",13/06/2023,,,11.83,61.33,,1.38,1.71,1,0.13,4.15,,23,51,42,514,11,216,20,25
CA230358,5,fabric,"Union del Sur Offices, El Porvenir, Iles",13/06/2023,,1.77,16.46,54.53,,1.12,1.78,0.66,0.09,4.99,,,65,55,588,10,192,18,21
CA230358,3,black ,"Union del Sur Offices, El Porvenir, Iles",13/06/2023,,1.67,21.19,47.79,,1.02,1.83,0.93,0.11,5.62,,19,68,,605,11,223,17,17
CA230358,3,red,"Union del Sur Offices, El Porvenir, Iles",13/06/2023,,1.82,18.72,52.72,,1.07,1.5,1.09,0.19,6.04,,37,57,,560,10,225,13,15
CA230359,3,black ,"Union del Sur Offices, El Porvenir, Iles",13/06/2023,,,21.12,45.38,,0.77,0.53,1.27,0.07,6.86,,37,54,,385,8,203,12,
CA230359,5,fabric,"Union del Sur Offices, El Porvenir, Iles",13/06/2023,,1.82,19.51,52.83,,1.62,2.17,0.76,0.52,5.99,,59,105,61,565,15,254,22,21
CA230359,3,red,"Union del Sur Offices, El Porvenir, Iles",13/06/2023,,,22.49,46.85,,0.79,0.78,1.15,0.18,6.92,,37,53,,435,11,213,15,15
CA230360,3,red,"Union del Sur Offices, El Porvenir, Iles",13/06/2023,,,13.8,38.47,,0.84,0.7,1.12,0.04,9.76,,,47,,384,14,141,9,
CA230360,3,black ,"Union del Sur Offices, El Porvenir, Iles",13/06/2023,,,15.65,49.93,,1.35,1.52,0.93,0.07,4.67,,,50,,425,10,165,12,21
CA230360,5,fabric,"Union del Sur Offices, El Porvenir, Iles",13/06/2023,,1.66,17.67,53.62,,1.6,2.12,0.86,0.06,3.61,,18,57,49,516,13,179,13,17
CA230361,3,red,"Union del Sur Offices, El Porvenir, Iles",13/06/2023,,,18.75,40.64,,0.69,0.65,1.08,0.03,5.45,,16,31,,404,9,165,11,
CA230361,3,cream,"Union del Sur Offices, El Porvenir, Iles",13/06/2023,,,17.18,49.9,,1.05,1.08,0.8,0.03,3.57,,,33,,416,11,168,20,19
CA230361,3,black ,"Union del Sur Offices, El Porvenir, Iles",13/06/2023,,,15.53,49.23,,1.13,1.4,0.87,0.03,3.24,,,28,,431,6,161,17,16
CA230361,5,fabric,"Union del Sur Offices, El Porvenir, Iles",13/06/2023,,,19.21,52.25,,1.06,1.3,0.81,0.04,3.32,,,36,37,458,13,178,16,15
CA230362,3,red,"Union del Sur Offices, El Porvenir, Iles",14/06/2023,,,13.77,41.91,,0.85,0.94,0.96,0.03,6.02,,,29,,436,11,200,15,
CA230362,3,black ,"Union del Sur Offices, El Porvenir, Iles",14/06/2023,,,15.53,51.74,,1.24,1.31,0.75,0.03,4.02,,,27,,443,11,189,15,
CA230362,3,cream,"Union del Sur Offices, El Porvenir, Iles",14/06/2023,,,15.31,52.06,,1.33,1.22,0.75,0.04,4.15,,16,26,,447,8,215,19,21
CA230362,5,fabric,"Union del Sur Offices, El Porvenir, Iles",14/06/2023,,,15.74,53.92,,1.22,1.55,0.73,0.04,3.97,,,29,44,510,8,186,18,17
CA230363,3,red,"Union del Sur Offices, El Porvenir, Iles",14/06/2023,,2.01,18.68,50.26,,1.13,1.43,1.14,0.3,6.93,,44,61,,570,8,223,14,
CA230363,5,fabric,"Union del Sur Offices, El Porvenir, Iles",14/06/2023,,1.93,20.17,51.31,,1.13,2.31,0.65,0.34,5.69,,38,62,42,684,12,194,13,18
CA230364,3,red,"Union del Sur Offices, El Porvenir, Iles",14/06/2023,,1.67,15.69,47.15,,1.39,1.25,0.99,0.09,5.3,,,43,,579,13,137,12,20
CA230364,5,fabric,"Union del Sur Offices, El Porvenir, Iles",14/06/2023,,,20.64,44.98,,1.31,1.31,0.66,0.04,3.85,,,39,47,535,9,136,16,19
CA230364,3,cream,"Union del Sur Offices, El Porvenir, Iles",14/06/2023,,1.7,14.55,56.33,,1.48,1.61,0.73,0.05,4.31,,22,48,,614,14,148,13,16
CA230364,3,black ,"Union del Sur Offices, El Porvenir, Iles",14/06/2023,,,15.45,50.55,,1.28,1.49,0.72,0.08,4.4,,21,47,,539,8,126,8,15
CA230365,3,red,"Union del Sur Offices, El Porvenir, Iles",14/06/2023,,1.81,21.18,53.74,,1.24,1.33,1.23,0.37,6.08,,57,69,,566,9,182,16,
CA230365,3,black ,"Union del Sur Offices, El Porvenir, Iles",14/06/2023,,1.89,16.8,42.59,,1.21,1.2,1.09,1.33,5.82,,112,82,,563,9,188,12,
CA230365,5,fabric,"Union del Sur Offices, El Porvenir, Iles",14/06/2023,,1.83,15.93,56.13,,1.93,1.91,0.66,0.2,4.9,,38,62,52,564,10,198,8,
CA230366,3,red,"Union del Sur Offices, El Porvenir, Iles",14/06/2023,,1.88,19.43,54.03,,1.5,1.28,1.27,0.18,6.31,,42,66,,559,12,314,9,
CA230366,3,black ,"Union del Sur Offices, El Porvenir, Iles",14/06/2023,,1.84,18.3,53.63,,1.74,1.48,1.18,0.13,5.88,,35,58,,548,11,179,9,
CA230366,5,fabric,"Union del Sur Offices, El Porvenir, Iles",14/06/2023,,1.94,15.91,58.13,,1.33,2.05,0.7,0.12,5.17,,17,51,53,567,8,167,11,16
CA230367,3,red,"Union del Sur Offices, El Porvenir, Iles",14/06/2023,,2.13,13.61,53.34,,1.14,1.67,1.07,0.06,6.85,,26,53,,701,10,210,15,
CA230367,5,fabric,"Union del Sur Offices, El Porvenir, Iles",14/06/2023,,1.95,16.98,58.36,,1.41,2.33,0.68,0.17,4.72,,20,71,56,676,11,190,15,19
CA230368,1,black ,"Union del Sur Offices, El Porvenir, Iles",14/06/2023,,1.78,16.8,49.47,,1.04,1.41,1.05,0.04,6.72,,27,41,,482,9,172,13,20
CA230368,5,fabric,"Union del Sur Offices, El Porvenir, Iles",14/06/2023,,2.03,14.34,64.46,,1.5,1.95,0.85,0.06,5.29,,19,54,58,574,13,235,12,18
CA230368,3,red,"Union del Sur Offices, El Porvenir, Iles",14/06/2023,,2.01,16.4,54.96,,1.14,1.73,0.98,0.05,6.24,,,52,,509,10,206,11,15
CA230369,3,red,"Union del Sur Offices, El Porvenir, Iles",14/06/2023,,1.7,13.48,55.8,,1.35,1.32,0.82,0.03,4.93,,,38,,467,10,150,15,21
CA230369,5,fabric,"Union del Sur Offices, El Porvenir, Iles",14/06/2023,,1.66,15.72,40.13,,1.04,1.26,0.53,0.04,5.41,,,43,38,495,13,156,13,19
CA230370,5,fabric,"Union del Sur Offices, El Porvenir, Iles",14/06/2023,,1.66,19.53,49.46,,1.17,1.54,0.74,0.05,3.81,,,49,47,548,13,169,19,23
CA230370,3,black ,"Union del Sur Offices, El Porvenir, Iles",14/06/2023,,,19.07,56.86,,1.79,1.65,0.8,0.05,3.17,,29,65,,561,11,155,17,18
CA230370,3,red,"Union del Sur Offices, El Porvenir, Iles",14/06/2023,,,15.92,50.71,,0.97,1.05,1.15,0.04,6.43,,15,83,,694,18,175,16,16
CA230372,3,black ,"Union del Sur Offices, El Porvenir, Iles",15/06/2023,,1.78,13.97,39.23,,0.95,1.54,0.84,2.22,5.52,,171,169,,603,20,169,10,
CA230372,3,red,"Union del Sur Offices, El Porvenir, Iles",15/06/2023,,1.83,22.13,51.67,,1.36,1.65,1.07,0.14,6.79,,32,82,,534,15,190,13,17
CA230372,5,fabric,"Union del Sur Offices, El Porvenir, Iles",15/06/2023,,1.98,15.04,51.65,,1.21,2.13,0.67,0.04,5.47,,,56,53,657,12,145,14,16
CA230373,3,red,"Union del Sur Offices, El Porvenir, Iles",15/06/2023,,1.89,15.75,54.85,,1.36,1.62,1.08,0.04,5.9,,,55,,467,12,248,21,20
CA230373,3,black ,"Union del Sur Offices, El Porvenir, Iles",15/06/2023,,2.01,17.01,51.95,,1.21,1.57,1.12,0.06,6.24,,16,47,,457,15,268,17,18
CA230373,5,fabric,"Union del Sur Offices, El Porvenir, Iles",15/06/2023,,1.88,16.65,57.76,,1.38,2.79,0.67,0.5,4.85,,39,55,49,938,22,149,8,17
CA230374,5,fabric,"Union del Sur Offices, El Porvenir, Iles",15/06/2023,,1.89,16.74,59.86,,1.65,1.83,0.85,0.04,5.11,,,47,64,503,12,258,18,22
CA230375,3,red,"Union del Sur Offices, El Porvenir, Iles",15/06/2023,,1.92,17.07,53.93,,1.49,1.97,1,0.09,5.18,,23,44,,734,11,257,19,22
CA230375,3,black ,"Union del Sur Offices, El Porvenir, Iles",15/06/2023,,1.69,19.18,48.59,,1.22,1.78,1.01,0.04,5.38,,19,40,,662,10,223,18,17
CA230375,5,fabric,"Union del Sur Offices, El Porvenir, Iles",15/06/2023,,2.03,15.02,59.68,,1.64,2.45,0.6,0.06,4.86,,21,54,57,761,15,221,17,16
CA230376,5,fabric,"Union del Sur Offices, El Porvenir, Iles",15/06/2023,,1.85,16.93,56.73,,1.69,2.47,0.7,0.06,4.75,,20,50,51,767,12,246,21,25
CA230377,3,black ,"Union del Sur Offices, El Porvenir, Iles",15/06/2023,,,21.75,45.74,,0.83,1.36,1.02,0.07,6.42,,,49,,432,8,190,13,20
CA230377,3,red,"Union del Sur Offices, El Porvenir, Iles",15/06/2023,,1.79,17.89,54.51,,1.03,1.45,1.04,0.08,6.14,,22,69,,460,11,201,10,17
CA230377,5,fabric,"Union del Sur Offices, El Porvenir, Iles",15/06/2023,,1.69,17.49,47.15,,0.88,1.61,0.67,0.06,6.62,,20,51,42,517,11,202,11,15
CA230378,3,black ,"Union del Sur Offices, El Porvenir, Iles",15/06/2023,,1.77,20.1,48.98,,1.36,1.75,1,0.28,6.57,,60,81,,546,9,210,16,26
CA230378,5,fabric,"Union del Sur Offices, El Porvenir, Iles",15/06/2023,,2.03,17.46,56.6,,2.57,2.13,0.89,0.2,6.19,,26,118,55,580,10,214,18,19
CA230378,3,red,"Union del Sur Offices, El Porvenir, Iles",15/06/2023,,1.9,21.41,52.5,,1.54,1.68,0.92,0.28,6.22,,56,62,,560,8,189,14,18
CA230379,3,black ,"Union del Sur Offices, El Porvenir, Iles",16/06/2023,,1.92,14.78,39.95,,1.1,1.61,0.85,1.52,6.43,,179,131,,562,12,166,9,
CA230379,3,red,"Union del Sur Offices, El Porvenir, Iles",16/06/2023,,2.08,18.19,49.76,,1.08,1.9,1.07,0.17,7.34,,23,71,,656,14,156,9,
CA230379,5,fabric,"Union del Sur Offices, El Porvenir, Iles",16/06/2023,,1.96,13.02,53.8,,1.44,2.18,0.93,0.08,7.51,,24,64,55,705,13,175,12,15
CA230380,5,fabric,"Union del Sur Offices, El Porvenir, Iles",16/06/2023,,1.91,17.8,56.39,,1.95,2.06,0.76,0.24,6.61,,26,96,56,671,11,247,15,24
CA230380,3,red,"Union del Sur Offices, El Porvenir, Iles",16/06/2023,,,21.09,46.57,,0.94,1.23,0.97,0.06,5.91,,19,50,,540,9,199,15,17
CA230380,3,black ,"Union del Sur Offices, El Porvenir, Iles",16/06/2023,,1.67,18.22,39.98,,0.86,1.29,0.89,0.21,6.09,,36,58,,545,7,186,15,16
CA230381,5,fabric,"Union del Sur Offices, El Porvenir, Iles",16/06/2023,,2.07,13.18,57.93,,2.01,2.49,0.79,0.07,6.83,,21,86,67,834,17,206,14,20
CA230381,3,red,"Union del Sur Offices, El Porvenir, Iles",16/06/2023,,1.86,19.47,49.95,,0.98,1.93,0.91,0.13,6.79,,21,71,,640,10,200,9,17
CA230381,3,black ,"Union del Sur Offices, El Porvenir, Iles",16/06/2023,,1.69,17.11,41.39,,0.93,1.89,0.81,1.17,5.72,,111,96,,683,13,174,14,16
CA230382,3,black ,"Union del Sur Offices, El Porvenir, Iles",16/06/2023,,1.87,18.73,54.91,,1.27,1.99,0.78,0.08,5.38,,,37,,552,10,230,14,23
CA230382,5,fabric,"Union del Sur Offices, El Porvenir, Iles",16/06/2023,,1.94,16.58,53.92,,1.39,3.01,0.72,0.05,5.93,,28,63,60,1008,17,182,14,19
CA230382,3,red,"Union del Sur Offices, El Porvenir, Iles",16/06/2023,,1.76,21.02,52.59,,1.11,1.8,0.78,0.07,5.76,,23,43,,530,7,242,13,18
CA230383,5,fabric,"Union del Sur Offices, El Porvenir, Iles",16/06/2023,,1.84,14.13,57.68,,1.31,2.03,0.7,0.1,6.35,,24,59,57,615,12,243,19,20
CA230384,5,fabric,"Union del Sur Offices, El Porvenir, Iles",16/06/2023,,2.04,14.03,55.41,,1.23,2.04,0.76,0.08,7.09,,26,72,48,584,10,215,18,19
CA230384,3,red,"Union del Sur Offices, El Porvenir, Iles",16/06/2023,,1.69,19.66,48.51,,1.09,1.69,0.97,0.08,6.03,,23,36,,523,7,198,10,17
CA230384,3,black ,"Union del Sur Offices, El Porvenir, Iles",16/06/2023,,1.77,19.41,49.42,,1.36,1.97,0.84,0.61,5.55,,70,61,,594,9,200,17,16
CA230386,5,fabric,"Union del Sur Offices, El Porvenir, Iles",16/06/2023,,1.74,17.86,49.32,,1.12,1.99,0.62,0.22,5.78,,40,64,52,649,9,232,14,20
CA230386,3,red,"Union del Sur Offices, El Porvenir, Iles",16/06/2023,,1.77,19.22,53.24,,1.13,1.67,0.87,0.23,5.95,,37,54,,609,12,209,17,19
CA230386,3,black ,"Union del Sur Offices, El Porvenir, Iles",16/06/2023,,1.68,18.71,51.66,,1.13,1.79,0.99,0.13,5.67,,28,52,,624,8,219,18,18
CA230387,1,black ,"Union del Sur Offices, El Porvenir, Iles",16/06/2023,,1.8,16.48,46.07,,0.93,1.72,1.1,0.04,6.22,,,39,,620,9,170,13,
CA230387,3,red,"Union del Sur Offices, El Porvenir, Iles",16/06/2023,,1.86,16.46,48.45,,0.9,1.57,1.15,0.05,6.85,,,54,,612,10,207,11,
CA230387,5,fabric,"Union del Sur Offices, El Porvenir, Iles",16/06/2023,,1.97,13.97,60.27,,1.48,2.37,0.79,0.07,4.89,,28,72,60,701,12,213,15,22
CA230388,3,black ,"Union del Sur Offices, El Porvenir, Iles",16/06/2023,,1.75,16.23,45.6,,0.96,1.73,0.9,0.14,6.61,,24,41,,520,8,203,17,19
CA230388,3,red,"Union del Sur Offices, El Porvenir, Iles",16/06/2023,,1.83,14.87,48.02,,0.99,1.64,1.06,0.08,7.67,,20,47,,515,12,191,15,16
CA230388,5,fabric,"Union del Sur Offices, El Porvenir, Iles",16/06/2023,,2.02,13.3,56.79,,1.25,2.28,0.86,0.07,6.39,,42,64,51,553,27,218,9,15
CA230389,3,black ,"Union del Sur Offices, El Porvenir, Iles",16/06/2023,,1.72,18.28,52.04,,1.28,1.76,0.78,0.06,4.75,,16,43,,454,11,187,15,
CA230389,5,fabric,"Union del Sur Offices, El Porvenir, Iles",16/06/2023,,1.88,20.06,57.12,,1.78,2.07,0.66,0.15,5.18,,33,73,54,517,14,224,19,23
CA230389,3,red,"Union del Sur Offices, El Porvenir, Iles",16/06/2023,,1.81,15.58,59.08,,1.44,1.92,0.96,0.07,4.81,,18,45,,580,14,191,15,18
CA230436,5,fabric,University of Cambridge,18/07/2023,,,18.85,54.93,,1.25,1.43,0.69,0.04,3.13,,,33,41,520,8,154,15,19
CA230436,3,red,University of Cambridge,18/07/2023,,,16.43,41.27,,1.27,1.1,1.12,0.05,5.13,,,39,,537,7,167,14,19
CA230437,5,fabric,University of Cambridge,18/07/2023,,,15.53,49.77,,1.1,1.69,0.75,0.05,4.38,,,59,46,561,18,164,15,22
CA230438,3,red,University of Cambridge,18/07/2023,,,17.19,50.52,,1.03,1.37,0.75,0.04,6.07,,,57,,371,11,236,11,
CA230438,3,black ,University of Cambridge,18/07/2023,,,19.67,41.35,,0.91,1.39,0.72,0.04,5.77,,,60,,356,12,175,13,17
CA230438,5,fabric,University of Cambridge,18/07/2023,,,20.4,39.85,,0.71,0.94,0.66,0.04,6.59,,,63,51,344,9,185,11,17
CA230439,3,black ,University of Cambridge,18/07/2023,,,13.2,61.86,,1.42,1.95,0.81,0.04,4.01,,,46,,503,11,157,16,18
CA230439,5,fabric,University of Cambridge,18/07/2023,,,19.48,54.71,,1.19,1.51,0.8,0.08,4.15,,,64,44,532,9,158,13,17
CA230439,3,cream,University of Cambridge,18/07/2023,,,14.68,63.82,,1.58,1.65,0.81,0.04,4.08,,,47,,489,11,138,12,17
CA230439,3,red,University of Cambridge,18/07/2023,,,12.91,56.74,,1.39,1.69,0.87,0.04,4.15,,,69,,544,11,174,11,17
CA230440,3,black ,University of Cambridge,18/07/2023,,,14.09,53.41,,1.5,1.57,0.79,0.04,3.65,,20,194,,475,12,131,9,51
CA230440,5,fabric,University of Cambridge,18/07/2023,,,12.6,60.72,,1.01,1.91,0.93,0.04,2.79,,,37,33,579,10,141,,23
CA230440,3,red,University of Cambridge,18/07/2023,,,17.2,48.57,,1.19,1.15,0.88,0.03,4.83,,,69,,534,10,135,11,23
CA230440,3,cream,University of Cambridge,18/07/2023,,,11.84,56.25,,1.09,1.81,0.82,0.04,3.35,,,40,,498,14,165,13,18
CA230441,3,black ,University of Cambridge,18/07/2023,,,21.19,50.32,,0.91,1.62,0.92,0.06,5.26,,,49,,499,9,159,14,
CA230441,3,red,University of Cambridge,18/07/2023,,1.74,16.35,50.48,,0.93,1.62,1.23,0.1,6.21,,,57,,546,8,190,11,
CA230441,5,fabric,University of Cambridge,18/07/2023,,,19,49.57,,0.93,1.68,0.67,0.08,4.99,,21,60,52,565,9,176,10,
CA230442,5,fabric,University of Cambridge,18/07/2023,,,15.11,53.97,,1.05,1.83,0.73,0.05,4.95,,,62,55,584,8,168,11,19
CA230442,3,black ,University of Cambridge,18/07/2023,,,19.19,53.38,,0.94,1.97,1,0.06,5.81,,15,52,,583,8,207,9,17
CA230442,3,red,University of Cambridge,18/07/2023,,1.91,15.36,55.54,,1,1.98,1.07,0.06,6.48,,20,59,,594,10,197,12,16
CA230443,3,black ,University of Cambridge,18/07/2023,,,21.71,41.16,,0.7,1.37,1.09,0.07,6.96,,,55,,458,10,167,12,
CA230443,5,fabric,University of Cambridge,18/07/2023,,1.85,15.85,58.73,,1.06,1.93,0.67,0.05,4.86,,17,50,62,523,8,153,8,
CA230443,3,red,University of Cambridge,18/07/2023,,,19.57,44.51,,0.89,1.48,1.05,0.07,7.49,,30,139,,455,12,161,9,22
CA230444,3,black ,University of Cambridge,18/07/2023,,,22.04,45.46,,0.72,0.8,1.15,0.14,6.36,,16,38,,360,9,173,13,19
CA230444,5,fabric,University of Cambridge,18/07/2023,,,17.72,49.48,,0.77,1.16,0.78,0.08,5.83,,,45,41,337,9,185,11,18
CA230444,3,red,University of Cambridge,18/07/2023,,,20.99,48.42,,0.7,0.75,1.17,0.05,6.36,,,39,,346,8,213,12,17
CA230445,3,red,University of Cambridge,18/07/2023,,,16.95,56.73,,1.33,1.56,0.98,0.06,5.51,,,36,,501,10,200,12,18
CA230445,5,fabric,University of Cambridge,18/07/2023,,,18.57,58.9,,1.13,1.64,0.67,0.07,4.42,,,36,41,492,6,220,15,16
CA230445,3,black ,University of Cambridge,18/07/2023,,,20.44,54.82,,1.36,1.56,0.79,0.05,5.4,,,49,,501,10,210,14,16
CA230446,3,black ,University of Cambridge,18/07/2023,,,20.53,53.86,,1.07,0.84,0.73,0.04,5.21,,,52,,288,6,156,10,
CA230446,5,fabric,University of Cambridge,18/07/2023,,,16.97,53.76,,0.9,1.04,0.77,0.04,5.57,,,65,74,296,7,163,10,26
CA230446,3,red,University of Cambridge,18/07/2023,,,20.59,54.38,,1.05,0.75,0.99,0.05,5.61,,19,55,,259,7,161,12,16
CA230447,3,black ,University of Cambridge,18/07/2023,,,22.47,44.09,,0.74,0.53,1.16,0.05,6.52,,,42,,390,11,220,17,
CA230447,3,red,University of Cambridge,18/07/2023,,,21.27,51.93,,0.93,0.7,1.28,0.05,6.67,,,44,,386,10,232,14,22
CA230447,5,fabric,University of Cambridge,18/07/2023,,,16.45,52.37,,0.95,1.25,0.72,0.05,4.96,,,37,46,403,9,291,14,17
CA230448,5,fabric,University of Cambridge,28/07/2023,,1.67,19.13,52.89,,0.91,1.77,0.72,0.1,5.32,,18,53,46,477,8,187,14,
CA230448,3,black ,University of Cambridge,28/07/2023,,1.74,21.63,47.34,,0.89,1.73,0.87,0.42,5.81,,45,71,,476,9,193,12,17
CA230448,3,red,University of Cambridge,28/07/2023,,,21.96,52.33,,0.94,1.45,0.86,0.15,6.16,,24,63,,449,8,185,14,15
CA230449,3,black ,University of Cambridge,28/07/2023,,,17.26,38.9,,0.88,1.65,0.75,1.82,5.18,,140,118,,474,12,196,15,
CA230449,5,fabric,University of Cambridge,28/07/2023,,,20.48,53.47,,1.05,1.71,0.75,0.14,5.11,,21,65,48,500,9,202,16,21
CA230449,3,red,University of Cambridge,28/07/2023,,,21.75,50.3,,1,1.45,1.13,0.22,5.99,,22,64,,484,7,234,17,17
CA230450,5,fabric,University of Cambridge,28/07/2023,,,18.79,43.43,,0.7,2.61,,0.29,6.78,,35,58,43,633,13,191,14,
CA230450,3,black ,University of Cambridge,28/07/2023,,1.82,15.55,52.66,,1.32,2.34,0.98,0.17,7.12,,51,108,,629,9,215,15,16
CA230450,3,red,University of Cambridge,28/07/2023,,1.88,14.85,59.38,,1.42,2.35,0.91,0.12,6.08,,23,62,,767,11,224,15,15
CA230451,5,fabric,University of Cambridge,28/07/2023,,,18.64,60.35,,0.98,1.8,0.81,0.14,5.88,,25,72,53,514,9,212,15,21
CA230451,3,black ,University of Cambridge,28/07/2023,,,21.65,49.25,,1.49,1.61,1.01,0.08,6.52,,26,103,,512,8,193,17,15
CA230451,3,red,University of Cambridge,28/07/2023,,,21.14,55.02,,1.5,1.78,0.82,0.09,5.87,,,106,,522,11,205,9,15
CA230452,5,fabric,University of Cambridge,28/07/2023,,,18.6,53.14,,1.17,1.88,0.63,0.05,4.48,,17,61,48,562,14,194,12,
CA230452,3,red,University of Cambridge,28/07/2023,,1.88,15.63,52.86,,1.23,1.86,1.03,0.05,5.93,,,61,,561,13,184,12,
CA230452,3,black ,University of Cambridge,28/07/2023,,1.84,17.63,54.83,,1.28,1.75,1.04,0.06,5.71,,,61,,548,11,181,12,
CA230453,3,black ,University of Cambridge,28/07/2023,,,22.53,43.66,,0.63,0.56,1.28,0.05,6.36,,15,35,,334,8,186,13,
CA230453,5,fabric,University of Cambridge,28/07/2023,,,18.44,51.66,,0.77,1.15,0.75,0.08,5.55,,,39,38,328,9,195,12,
CA230453,3,red,University of Cambridge,28/07/2023,,,20.24,45.64,,0.68,0.93,1.15,0.06,6.6,,,33,,390,8,187,11,15
CA230454,3,red,University of Cambridge,28/07/2023,,,15.88,50.43,,1.13,1.24,1.22,0.06,6.39,,18,50,,423,9,224,10,
CA230454,5,fabric,University of Cambridge,28/07/2023,,,21.53,51.95,,0.89,1.27,0.75,0.11,5.54,,23,59,33,417,10,202,11,16
CA230455,3,red,University of Cambridge,28/07/2023,,1.99,13.47,55.27,,1.03,1.9,1.31,0.09,9.32,,,72,,559,12,229,17,
CA230455,5,fabric,University of Cambridge,28/07/2023,,1.67,16.11,54.85,,0.99,1.75,0.78,0.06,5.01,,,49,54,522,9,208,18,16
CA230456,3,black ,University of Cambridge,28/07/2023,,,20.42,46.12,,0.76,1.28,0.87,0.04,6.3,,,49,,440,7,160,12,
CA230456,3,red,University of Cambridge,28/07/2023,,,19.56,47.28,,0.77,1.15,1.01,0.05,6.77,,,47,,390,8,186,11,
CA230456,5,fabric,University of Cambridge,28/07/2023,,,16.43,54.33,,0.89,1.51,0.72,0.04,5.01,,,47,55,401,7,199,,16
CA230457,3,red,University of Cambridge,28/07/2023,,,20.94,57.95,,1.43,1.63,1.14,0.13,5.78,,15,63,,484,11,190,10,
CA230457,3,black ,University of Cambridge,28/07/2023,,,20.31,54.42,,1.34,2.12,1,0.2,6.39,,25,74,,471,9,213,11,19
CA230457,5,fabric,University of Cambridge,28/07/2023,,1.68,16.4,53.38,,1.05,1.88,0.77,0.11,5.85,,,84,61,531,8,212,11,17
CA230458,3,red,University of Cambridge,28/07/2023,,,17.29,51.31,,1.67,1.43,1.25,0.09,6.51,,22,57,,614,12,209,14,
CA230458,5,fabric,University of Cambridge,28/07/2023,,,16.66,53.54,,1.02,1.74,0.76,0.06,5.3,,,49,56,542,8,194,14,19
CA230458,3,black ,University of Cambridge,28/07/2023,,,15.97,50.91,,1.49,1.95,1.06,0.11,5.79,,34,69,,660,11,179,14,15
CA230459,3,black ,University of Cambridge,28/07/2023,,,21.47,45.81,,0.9,1.54,1.01,0.06,6.17,,,52,,459,9,188,16,
CA230459,5,fabric,University of Cambridge,28/07/2023,,,17.47,55.69,,0.94,1.75,0.84,0.05,5.2,,,55,53,451,8,227,15,
CA230459,3,red,University of Cambridge,28/07/2023,,,22.6,42.76,,0.83,1.18,0.92,0.05,6.38,,,49,,412,11,200,12,
CA230460,3,black ,University of Cambridge,28/07/2023,,1.79,20.17,52.63,,1.04,2.03,1.2,0.08,5.75,,30,67,,494,13,218,14,
CA230460,5,fabric,University of Cambridge,28/07/2023,,1.71,20.11,52.27,,1.04,1.96,0.72,0.34,5.81,,21,73,59,502,11,206,11,19
CA230460,3,red,University of Cambridge,28/07/2023,,1.86,18.4,56.05,,1.08,2.07,1.11,0.08,5.93,,15,65,,499,10,208,12,16
CA230461,5,fabric,University of Cambridge,28/07/2023,,,19.02,51.05,,1.03,1.86,0.72,0.1,5.97,,16,54,59,482,11,201,11,19
CA230461,3,black ,University of Cambridge,28/07/2023,,,22.62,54.01,,1.16,1.93,0.96,0.1,5.64,,15,56,,462,8,196,13,16
CA230461,3,red,University of Cambridge,28/07/2023,,1.74,21.09,53.87,,1.19,1.59,1.14,0.07,5.89,,15,52,,485,12,215,11,16
,,,,,,,,,,,,,,,,,,,,,,,
,,,,,,,,,,,,,,,,,,,,,,,
,,,,,,,,,,,,,,,,,,,,,,,
,,,,,,,,,,,,,,,,,,,,,,,
,,,,,,,,,,,,,,,,,,,,,,,
,,,,,,,,,,,,,,,,,,,,,,,
,,,,,,,,,,,,,,,,,,,,,,,
,,,,,,,,,,,,,,,,,,,,,,,
,,,,,,,,,,,,,,,,,,,,,,,
,,,,,,,,,,,,,,,,,,,,,,,
,,,,,,,,,,,,,,,,,,,,,,,
,,,,,,,,,,,,,,,,,,,,,,,
,,,,,,,,,,,,,,,,,,,,,,,
